ip_address,failed_attempts
192.168.1.227,4
10.0.0.21,4
10.0.0.27,4
10.0.0.250,4
203.0.113.28,4
172.16.0.203,4
172.16.0.76,4
172.16.0.100,4
192.168.1.206,4
198.51.100.48,4
198.51.100.56,3
192.168.1.4,3
203.0.113.48,3
172.16.0.57,3
198.51.100.243,3
198.51.100.23,3
172.16.0.244,3
10.0.0.67,3
192.168.1.63,3
192.168.1.27,3
172.16.0.130,3
192.168.1.245,3
192.168.1.211,3
172.16.0.246,3
198.51.100.224,3
172.16.0.8,3
172.16.0.38,3
172.16.0.237,3
203.0.113.140,3
203.0.113.124,3
203.0.113.68,3
192.168.1.193,3
192.168.1.85,3
10.0.0.80,3
172.16.0.63,3
192.168.1.136,3
172.16.0.225,3
198.51.100.57,3
203.0.113.175,3
10.0.0.55,3
10.0.0.19,3
198.51.100.189,3
10.0.0.110,3
172.16.0.46,3
192.168.1.130,3
192.168.1.167,3
203.0.113.22,3
10.0.0.41,3
203.0.113.41,3
192.168.1.68,3
172.16.0.16,3
172.16.0.99,3
203.0.113.125,3
192.168.1.189,3
198.51.100.34,3
203.0.113.13,3
203.0.113.30,3
10.0.0.54,2
203.0.113.32,2
10.0.0.237,2
10.0.0.159,2
172.16.0.137,2
172.16.0.144,2
10.0.0.222,2
198.51.100.156,2
192.168.1.241,2
172.16.0.87,2
10.0.0.134,2
192.168.1.31,2
10.0.0.39,2
198.51.100.233,2
10.0.0.160,2
198.51.100.5,2
192.168.1.230,2
172.16.0.245,2
172.16.0.49,2
203.0.113.206,2
192.168.1.28,2
10.0.0.102,2
192.168.1.143,2
10.0.0.228,2
198.51.100.46,2
172.16.0.147,2
10.0.0.136,2
10.0.0.29,2
192.168.1.8,2
172.16.0.120,2
10.0.0.48,2
203.0.113.253,2
10.0.0.86,2
198.51.100.2,2
198.51.100.206,2
10.0.0.109,2
198.51.100.176,2
192.168.1.239,2
172.16.0.125,2
172.16.0.66,2
172.16.0.5,2
198.51.100.67,2
203.0.113.116,2
198.51.100.127,2
198.51.100.29,2
172.16.0.96,2
192.168.1.18,2
10.0.0.40,2
198.51.100.28,2
203.0.113.113,2
10.0.0.71,2
203.0.113.59,2
198.51.100.27,2
203.0.113.228,2
10.0.0.23,2
10.0.0.194,2
203.0.113.168,2
203.0.113.61,2
192.168.1.32,2
198.51.100.198,2
172.16.0.79,2
198.51.100.76,2
172.16.0.64,2
10.0.0.81,2
172.16.0.41,2
172.16.0.235,2
10.0.0.154,2
203.0.113.47,2
10.0.0.104,2
192.168.1.114,2
172.16.0.28,2
192.168.1.197,2
192.168.1.213,2
10.0.0.173,2
10.0.0.38,2
172.16.0.7,2
198.51.100.132,2
192.168.1.89,2
198.51.100.171,2
10.0.0.183,2
198.51.100.52,2
10.0.0.184,2
203.0.113.100,2
198.51.100.66,2
10.0.0.101,2
203.0.113.46,2
172.16.0.68,2
192.168.1.17,2
203.0.113.225,2
172.16.0.67,2
198.51.100.51,2
172.16.0.209,2
10.0.0.129,2
198.51.100.79,2
198.51.100.106,2
203.0.113.235,2
198.51.100.116,2
198.51.100.10,2
192.168.1.120,2
203.0.113.217,2
172.16.0.159,2
198.51.100.184,2
192.168.1.158,2
198.51.100.183,2
203.0.113.179,2
10.0.0.56,2
10.0.0.192,2
198.51.100.153,2
203.0.113.244,2
203.0.113.148,2
203.0.113.229,2
10.0.0.193,2
172.16.0.116,2
172.16.0.36,2
203.0.113.90,2
192.168.1.79,2
192.168.1.127,2
203.0.113.240,2
10.0.0.163,2
198.51.100.240,2
203.0.113.252,2
192.168.1.42,2
198.51.100.169,2
10.0.0.63,2
198.51.100.22,2
203.0.113.163,2
203.0.113.87,2
172.16.0.227,2
198.51.100.244,2
172.16.0.86,2
203.0.113.166,2
10.0.0.199,2
203.0.113.17,2
10.0.0.84,2
203.0.113.111,2
203.0.113.112,2
172.16.0.166,2
10.0.0.98,2
203.0.113.128,2
172.16.0.12,2
172.16.0.236,2
198.51.100.231,2
192.168.1.77,2
203.0.113.165,2
198.51.100.35,2
10.0.0.62,2
198.51.100.96,2
192.168.1.217,2
10.0.0.165,2
198.51.100.136,2
172.16.0.142,2
10.0.0.58,2
10.0.0.68,2
203.0.113.190,2
198.51.100.94,2
10.0.0.120,2
192.168.1.159,2
203.0.113.109,2
10.0.0.77,2
10.0.0.45,2
198.51.100.131,2
172.16.0.192,2
192.168.1.110,2
203.0.113.16,2
172.16.0.33,2
192.168.1.2,2
172.16.0.53,2
203.0.113.121,2
198.51.100.141,2
172.16.0.187,2
192.168.1.133,2
198.51.100.112,2
203.0.113.203,2
203.0.113.247,2
10.0.0.187,2
172.16.0.74,2
203.0.113.85,2
198.51.100.191,2
192.168.1.225,1
198.51.100.144,1
172.16.0.4,1
198.51.100.59,1
192.168.1.178,1
172.16.0.23,1
10.0.0.3,1
198.51.100.81,1
10.0.0.20,1
203.0.113.53,1
10.0.0.75,1
172.16.0.111,1
10.0.0.121,1
192.168.1.76,1
192.168.1.64,1
192.168.1.134,1
203.0.113.177,1
10.0.0.113,1
192.168.1.209,1
10.0.0.49,1
198.51.100.83,1
198.51.100.21,1
172.16.0.11,1
172.16.0.43,1
192.168.1.173,1
172.16.0.252,1
172.16.0.202,1
198.51.100.109,1
10.0.0.66,1
203.0.113.71,1
203.0.113.155,1
172.16.0.214,1
192.168.1.107,1
192.168.1.160,1
198.51.100.247,1
192.168.1.242,1
198.51.100.95,1
192.168.1.60,1
198.51.100.165,1
10.0.0.51,1
192.168.1.169,1
10.0.0.215,1
172.16.0.61,1
192.168.1.83,1
10.0.0.239,1
192.168.1.24,1
203.0.113.49,1
198.51.100.246,1
203.0.113.136,1
198.51.100.16,1
203.0.113.11,1
172.16.0.143,1
172.16.0.133,1
172.16.0.178,1
198.51.100.226,1
172.16.0.19,1
198.51.100.100,1
203.0.113.35,1
192.168.1.12,1
10.0.0.200,1
192.168.1.221,1
192.168.1.152,1
172.16.0.24,1
203.0.113.167,1
192.168.1.148,1
10.0.0.146,1
10.0.0.220,1
203.0.113.64,1
198.51.100.202,1
192.168.1.192,1
203.0.113.95,1
172.16.0.52,1
192.168.1.172,1
198.51.100.213,1
10.0.0.246,1
198.51.100.53,1
203.0.113.115,1
203.0.113.143,1
198.51.100.172,1
198.51.100.152,1
172.16.0.205,1
192.168.1.48,1
198.51.100.114,1
10.0.0.125,1
172.16.0.65,1
192.168.1.170,1
172.16.0.88,1
203.0.113.75,1
192.168.1.224,1
203.0.113.197,1
172.16.0.230,1
203.0.113.93,1
198.51.100.33,1
198.51.100.142,1
192.168.1.34,1
198.51.100.18,1
192.168.1.246,1
10.0.0.30,1
203.0.113.223,1
198.51.100.86,1
192.168.1.191,1
10.0.0.115,1
203.0.113.55,1
10.0.0.176,1
198.51.100.168,1
192.168.1.117,1
172.16.0.124,1
172.16.0.222,1
172.16.0.113,1
198.51.100.119,1
172.16.0.119,1
192.168.1.45,1
172.16.0.115,1
192.168.1.171,1
192.168.1.226,1
198.51.100.229,1
172.16.0.160,1
192.168.1.22,1
198.51.100.193,1
192.168.1.137,1
10.0.0.122,1
10.0.0.236,1
10.0.0.202,1
198.51.100.155,1
10.0.0.140,1
198.51.100.78,1
172.16.0.183,1
192.168.1.165,1
10.0.0.15,1
203.0.113.65,1
203.0.113.123,1
192.168.1.179,1
10.0.0.234,1
198.51.100.215,1
203.0.113.9,1
203.0.113.50,1
10.0.0.190,1
198.51.100.101,1
198.51.100.196,1
198.51.100.236,1
10.0.0.31,1
203.0.113.224,1
10.0.0.22,1
172.16.0.22,1
198.51.100.32,1
203.0.113.79,1
10.0.0.156,1
198.51.100.115,1
172.16.0.50,1
172.16.0.180,1
203.0.113.216,1
198.51.100.126,1
192.168.1.195,1
203.0.113.77,1
203.0.113.241,1
203.0.113.36,1
10.0.0.178,1
203.0.113.161,1
203.0.113.176,1
203.0.113.63,1
203.0.113.82,1
192.168.1.5,1
172.16.0.248,1
10.0.0.132,1
10.0.0.91,1
192.168.1.124,1
192.168.1.185,1
10.0.0.162,1
10.0.0.130,1
172.16.0.95,1
172.16.0.138,1
198.51.100.93,1
10.0.0.195,1
198.51.100.88,1
192.168.1.35,1
172.16.0.184,1
198.51.100.84,1
192.168.1.181,1
203.0.113.34,1
192.168.1.214,1
172.16.0.188,1
172.16.0.250,1
192.168.1.57,1
192.168.1.164,1
192.168.1.44,1
203.0.113.239,1
172.16.0.51,1
10.0.0.205,1
203.0.113.58,1
198.51.100.209,1
10.0.0.72,1
172.16.0.165,1
203.0.113.250,1
10.0.0.198,1
172.16.0.2,1
198.51.100.135,1
10.0.0.53,1
192.168.1.177,1
10.0.0.166,1
172.16.0.118,1
172.16.0.197,1
10.0.0.92,1
10.0.0.186,1
198.51.100.149,1
198.51.100.54,1
10.0.0.171,1
192.168.1.141,1
172.16.0.18,1
198.51.100.186,1
203.0.113.221,1
198.51.100.122,1
172.16.0.162,1
10.0.0.112,1
198.51.100.204,1
203.0.113.44,1
203.0.113.69,1
10.0.0.96,1
198.51.100.160,1
203.0.113.204,1
192.168.1.218,1
203.0.113.173,1
10.0.0.43,1
172.16.0.83,1
198.51.100.13,1
172.16.0.35,1
10.0.0.88,1
198.51.100.90,1
203.0.113.202,1
172.16.0.70,1
172.16.0.27,1
203.0.113.21,1
203.0.113.196,1
10.0.0.94,1
172.16.0.117,1
203.0.113.105,1
192.168.1.228,1
172.16.0.55,1
198.51.100.179,1
192.168.1.207,1
10.0.0.207,1
192.168.1.66,1
172.16.0.93,1
172.16.0.37,1
192.168.1.90,1
192.168.1.113,1
198.51.100.174,1
192.168.1.81,1
198.51.100.62,1
203.0.113.245,1
198.51.100.11,1
203.0.113.86,1
10.0.0.229,1
192.168.1.215,1
172.16.0.174,1
10.0.0.208,1
198.51.100.194,1
192.168.1.39,1
192.168.1.132,1
198.51.100.212,1
172.16.0.98,1
198.51.100.25,1
198.51.100.4,1
198.51.100.139,1
10.0.0.108,1
192.168.1.58,1
10.0.0.241,1
10.0.0.4,1
198.51.100.77,1
172.16.0.89,1
198.51.100.188,1
10.0.0.227,1
192.168.1.220,1
172.16.0.253,1
172.16.0.44,1
172.16.0.91,1
198.51.100.170,1
203.0.113.120,1
192.168.1.93,1
192.168.1.97,1
203.0.113.230,1
172.16.0.109,1
203.0.113.234,1
10.0.0.1,1
172.16.0.206,1
198.51.100.41,1
172.16.0.107,1
198.51.100.200,1
10.0.0.231,1
198.51.100.43,1
203.0.113.222,1
172.16.0.229,1
192.168.1.67,1
172.16.0.71,1
10.0.0.170,1
172.16.0.103,1
172.16.0.47,1
203.0.113.218,1
198.51.100.92,1
203.0.113.119,1
203.0.113.52,1
172.16.0.25,1
172.16.0.213,1
198.51.100.218,1
203.0.113.212,1
10.0.0.203,1
198.51.100.158,1
10.0.0.211,1
198.51.100.248,1
198.51.100.89,1
203.0.113.213,1
203.0.113.198,1
192.168.1.80,1
192.168.1.102,1
198.51.100.87,1
192.168.1.46,1
10.0.0.11,1
203.0.113.40,1
198.51.100.8,1
10.0.0.217,1
172.16.0.172,1
203.0.113.127,1
192.168.1.176,1
203.0.113.195,1
192.168.1.190,1
192.168.1.21,1
192.168.1.98,1
10.0.0.99,1
192.168.1.65,1
10.0.0.76,1
203.0.113.242,1
203.0.113.131,1
198.51.100.71,1
192.168.1.52,1
203.0.113.180,1
172.16.0.173,1
203.0.113.129,1
192.168.1.238,1
198.51.100.230,1
198.51.100.250,1
203.0.113.192,1
198.51.100.31,1
10.0.0.185,1
172.16.0.69,1
10.0.0.242,1
203.0.113.37,1
10.0.0.181,1
203.0.113.51,1
192.168.1.128,1
10.0.0.201,1
192.168.1.200,1
192.168.1.36,1
172.16.0.32,1
198.51.100.44,1
203.0.113.184,1
172.16.0.141,1
192.168.1.7,1
192.168.1.88,1
203.0.113.171,1
172.16.0.182,1
10.0.0.158,1
192.168.1.41,1
172.16.0.247,1
10.0.0.16,1
172.16.0.228,1
192.168.1.135,1
192.168.1.74,1
198.51.100.157,1
198.51.100.99,1
198.51.100.61,1
10.0.0.197,1
198.51.100.69,1
192.168.1.11,1
172.16.0.59,1
198.51.100.187,1
192.168.1.194,1
10.0.0.226,1
203.0.113.200,1
203.0.113.231,1
172.16.0.15,1
172.16.0.97,1
198.51.100.111,1
198.51.100.253,1
10.0.0.148,1
198.51.100.219,1
172.16.0.129,1
203.0.113.207,1
10.0.0.157,1
172.16.0.149,1
10.0.0.213,1
192.168.1.254,1
198.51.100.39,1
198.51.100.190,1
172.16.0.251,1
10.0.0.12,1
10.0.0.206,1
192.168.1.129,1
172.16.0.210,1
192.168.1.208,1
10.0.0.59,1
203.0.113.159,1
172.16.0.10,1
198.51.100.237,1
192.168.1.145,1
203.0.113.208,1
10.0.0.33,1
203.0.113.19,1
172.16.0.104,1
198.51.100.65,1
172.16.0.196,1
192.168.1.212,1
172.16.0.14,1
198.51.100.12,1
172.16.0.193,1
192.168.1.252,1
192.168.1.236,1
10.0.0.244,1
192.168.1.180,1
198.51.100.163,1
203.0.113.169,1
10.0.0.89,1
192.168.1.199,1
192.168.1.146,1
198.51.100.123,1
203.0.113.144,1
198.51.100.227,1
172.16.0.29,1
172.16.0.84,1
172.16.0.170,1
198.51.100.120,1
172.16.0.151,1
198.51.100.195,1
192.168.1.72,1
10.0.0.212,1
198.51.100.173,1
203.0.113.201,1
192.168.1.175,1
172.16.0.219,1
192.168.1.33,1
172.16.0.223,1
203.0.113.251,1
172.16.0.26,1
10.0.0.233,1
172.16.0.77,1
172.16.0.148,1
203.0.113.233,1
10.0.0.219,1
10.0.0.17,1
198.51.100.58,1
198.51.100.110,1
10.0.0.196,1
203.0.113.31,1
192.168.1.70,1
10.0.0.150,1
172.16.0.90,1
203.0.113.102,1
203.0.113.101,1
192.168.1.100,1
172.16.0.232,1
203.0.113.191,1
203.0.113.194,1
192.168.1.105,1
172.16.0.140,1
192.168.1.188,1
